alias	status	sha256	redacted	bot_status
FLI-001	EXCLUDED_HOLD_FOR_HUDSON	1738afc4b0cb4d6663029ebcf029a52c1ec88a92194e4aea6847f05a45417337		
FLI-002	INTEGRATED	11d2dbce71b6f8a3e9d4ad535e3a50e03ac88eeaf486dd6626f5a848c5c6fd90	15_HT_FOUNDER_INTAKE/redacted/11d2dbce71b6f8a3e9d4ad535e3a50e03ac88eeaf486dd6626f5a848c5c6fd90.txt	REDACTED_CANDIDATE
FLI-003	INTEGRATED	21c5459596b5963c4c09c60f72379b3a9370417bb762283dc6d31bdcd820d031		REDACTED_NEEDS_HUMAN_REVIEW
FLI-004	INTEGRATED	e52eb60726ade084ebcfdba7f06a5aa92968418deb1ef52b51d696317b1b51c8		REDACTED_NEEDS_HUMAN_REVIEW
FLI-005	INTEGRATED	332f5457c80c7e20627aca7c4d9db06bd7e17d43bf8f1a163fc6c2c2bb228a66	15_HT_FOUNDER_INTAKE/redacted/332f5457c80c7e20627aca7c4d9db06bd7e17d43bf8f1a163fc6c2c2bb228a66.txt	REDACTED_CANDIDATE
FLI-006	INTEGRATED	b7ade5007261ef737770e42ee79bed9ac64a7a74d9ee8d3cd05b8aa7be8b4a8d	15_HT_FOUNDER_INTAKE/redacted/b7ade5007261ef737770e42ee79bed9ac64a7a74d9ee8d3cd05b8aa7be8b4a8d.txt	REDACTED_CANDIDATE
FLI-007	INTEGRATED	46143d14a116771ae42880968644b31a7f4c4e7a5b34294fa91b078555d85071	15_HT_FOUNDER_INTAKE/redacted/46143d14a116771ae42880968644b31a7f4c4e7a5b34294fa91b078555d85071.txt	REDACTED_CANDIDATE
FLI-008	INTEGRATED	fecd18674a85b25f08b35d449ea5336094e73a40585253abe172acd8dcda1b09	15_HT_FOUNDER_INTAKE/redacted/fecd18674a85b25f08b35d449ea5336094e73a40585253abe172acd8dcda1b09.txt	REDACTED_CANDIDATE
FLI-009	INTEGRATED	0c1d96ddacb49a0a2a753a07226a824eaef3f3776dc7697d38fd2f72553b9091	15_HT_FOUNDER_INTAKE/redacted/0c1d96ddacb49a0a2a753a07226a824eaef3f3776dc7697d38fd2f72553b9091.txt	REDACTED_CANDIDATE
FLI-010	INTEGRATED	f19ea95b5a81449ab6853bbc18023830cef28c1c57c794f91e7f4c7080c308df	15_HT_FOUNDER_INTAKE/redacted/f19ea95b5a81449ab6853bbc18023830cef28c1c57c794f91e7f4c7080c308df.txt	REDACTED_CANDIDATE
FLI-011	INTEGRATED	b9c3178217644c349b18099b46dc769e4022ccdfa44ce42b198377755554b47a		REDACTED_NEEDS_HUMAN_REVIEW
FLI-012	INTEGRATED	7724922a3766131129604c4f3eb51bbe4022d610be923065278711375b5305c2	15_HT_FOUNDER_INTAKE/redacted/7724922a3766131129604c4f3eb51bbe4022d610be923065278711375b5305c2.txt	REDACTED_CANDIDATE
FLI-013	INTEGRATED	ef053deac17048bec9022609022b5e71f5e77a5cf5ec5506ab51eb2d179daa5a		REDACTED_NEEDS_HUMAN_REVIEW
FLI-014	INTEGRATED	f6e58c72da1e27dd02cc6d0b8bad703c8976245dd2ef72cca09fd13f1490eed7		REDACTED_NEEDS_HUMAN_REVIEW
FLI-015	INTEGRATED	74a2eaec08c5fb39fc8a826ad4baa55d1d9241e37cb5d85f3787444e90a82b5e		REDACTED_NEEDS_HUMAN_REVIEW
FLI-016	INTEGRATED	5ed4bc5d49d76c3546f68533fa9394423d126d90c10acfacc4695b0ecc1460a9		REDACTED_NEEDS_HUMAN_REVIEW
FLI-017	INTEGRATED	86b518cbc7cabf5fc41d646e4857aeaffe44955f6fc063efb13bc757c93a11fb		NO_USABLE_TEXT
FLI-018	DUPLICATE	86b518cbc7cabf5fc41d646e4857aeaffe44955f6fc063efb13bc757c93a11fb		
FLI-019	DUPLICATE	86b518cbc7cabf5fc41d646e4857aeaffe44955f6fc063efb13bc757c93a11fb		
FLI-020	INTEGRATED	96a4039c2f5d525c2b5e53cbfc654acd702fce93a3f8f40b60f730a2fe5c59e0	15_HT_FOUNDER_INTAKE/redacted/96a4039c2f5d525c2b5e53cbfc654acd702fce93a3f8f40b60f730a2fe5c59e0.txt	REDACTED_CANDIDATE
FLI-021	INTEGRATED	53bd0e6b1eb62608fe0303dbcc4b633e7767f8b8f5afa0866db9c65745dec4a1	15_HT_FOUNDER_INTAKE/redacted/53bd0e6b1eb62608fe0303dbcc4b633e7767f8b8f5afa0866db9c65745dec4a1.txt	REDACTED_CANDIDATE
FLI-022	INTEGRATED	0c899554c25ec9c825d8f5f64547e7b40927a1983dc638b70a77de0ba5cc5378	15_HT_FOUNDER_INTAKE/redacted/0c899554c25ec9c825d8f5f64547e7b40927a1983dc638b70a77de0ba5cc5378.txt	REDACTED_CANDIDATE
FLI-023	INTEGRATED	8e768e7581683c4c5c99da9cb5c4ad4e5bdd6332c2314425cd72d737c6c8d332	15_HT_FOUNDER_INTAKE/redacted/8e768e7581683c4c5c99da9cb5c4ad4e5bdd6332c2314425cd72d737c6c8d332.txt	REDACTED_CANDIDATE
FLI-024	INTEGRATED	9f8a8934d6515f13c17cbfbaf29c962f3e27c48aca82d2864cd4ef72b8ae73db		REDACTED_NEEDS_HUMAN_REVIEW
FLI-025	INTEGRATED	4f98ae243f48a384b083c87c52eb481142b18807de341657e58f4701400d1e68	15_HT_FOUNDER_INTAKE/redacted/4f98ae243f48a384b083c87c52eb481142b18807de341657e58f4701400d1e68.txt	REDACTED_CANDIDATE
FLI-026	INTEGRATED	ec4740c5924d07154ad57cdbb6e886d03eb3567072ee31e4135a3be97f130fa1	15_HT_FOUNDER_INTAKE/redacted/ec4740c5924d07154ad57cdbb6e886d03eb3567072ee31e4135a3be97f130fa1.txt	REDACTED_CANDIDATE
FLI-027	INTEGRATED	2c4ea8cbf8721f6486cfcfd01fa11655e506d1001d608bdc58089e9fe689032e	15_HT_FOUNDER_INTAKE/redacted/2c4ea8cbf8721f6486cfcfd01fa11655e506d1001d608bdc58089e9fe689032e.txt	REDACTED_CANDIDATE
FLI-028	INTEGRATED	dc86b807be090898315d31e209f34dbbf34308f407f73566e8cca57f9766c5b0	15_HT_FOUNDER_INTAKE/redacted/dc86b807be090898315d31e209f34dbbf34308f407f73566e8cca57f9766c5b0.txt	REDACTED_CANDIDATE
FLI-029	INTEGRATED	a2dc54604beca4754f063bdf235cacfb2986109d3a4341830bd444959f98be96	15_HT_FOUNDER_INTAKE/redacted/a2dc54604beca4754f063bdf235cacfb2986109d3a4341830bd444959f98be96.txt	REDACTED_CANDIDATE
FLI-030	INTEGRATED	4c4d39b33f91173b290a4c782d12df3a02c78c3260b18226bb8df40c90db6f40		REDACTED_NEEDS_HUMAN_REVIEW
FLI-031	INTEGRATED	2bd0920c5940c6af84e4e6457c6cbc42c6816d0418a4c1c7caa209d2e16a9636		REDACTED_NEEDS_HUMAN_REVIEW
FLI-032	INTEGRATED	26be078d89737fd95cd1b6dcf5fe76cf56c4b65ea5eea1c53b86ec6bff59f78b	15_HT_FOUNDER_INTAKE/redacted/26be078d89737fd95cd1b6dcf5fe76cf56c4b65ea5eea1c53b86ec6bff59f78b.txt	REDACTED_CANDIDATE
FLI-033	INTEGRATED	24d3307139a8b8dec9f90404435659a06edb601875a640ce17c0eb8947852e73	15_HT_FOUNDER_INTAKE/redacted/24d3307139a8b8dec9f90404435659a06edb601875a640ce17c0eb8947852e73.txt	REDACTED_CANDIDATE
FLI-034	INTEGRATED	d7c94abeb3ed48d0792074cbe1e5542a95731600d5bc32e09227a756fc850d07	15_HT_FOUNDER_INTAKE/redacted/d7c94abeb3ed48d0792074cbe1e5542a95731600d5bc32e09227a756fc850d07.txt	REDACTED_CANDIDATE
FLI-035	INTEGRATED	75daac7ac2c7bf67712a4fce4efdd9a80576223dd9bb62b7ae430a6c12fefb31	15_HT_FOUNDER_INTAKE/redacted/75daac7ac2c7bf67712a4fce4efdd9a80576223dd9bb62b7ae430a6c12fefb31.txt	REDACTED_CANDIDATE
FLI-036	INTEGRATED	8cebe373421d990be83f6e1765faf19e3d14f24dce9f06df718f4ae99a95981d	15_HT_FOUNDER_INTAKE/redacted/8cebe373421d990be83f6e1765faf19e3d14f24dce9f06df718f4ae99a95981d.txt	REDACTED_CANDIDATE
FLI-037	INTEGRATED	53c22c143020ef6924f04ad1ccbcd5031d8ac3de39c095e71267fa298b2979d0	15_HT_FOUNDER_INTAKE/redacted/53c22c143020ef6924f04ad1ccbcd5031d8ac3de39c095e71267fa298b2979d0.txt	REDACTED_CANDIDATE
FLI-038	INTEGRATED	acbe22c8246694cced8c768738b741ce417090eac8890d19044b65a11e1ccad5	15_HT_FOUNDER_INTAKE/redacted/acbe22c8246694cced8c768738b741ce417090eac8890d19044b65a11e1ccad5.txt	REDACTED_CANDIDATE
FLI-039	INTEGRATED	fbd5ab65fc8f280c046ceeec198369b23921bdddb6c40370728f2644e1f7a29b	15_HT_FOUNDER_INTAKE/redacted/fbd5ab65fc8f280c046ceeec198369b23921bdddb6c40370728f2644e1f7a29b.txt	REDACTED_CANDIDATE
FLI-040	INTEGRATED	fd7dcbdfad4a15f38404960994cb4f6a4cd26ac1448014681bcd31b57c958f3f	15_HT_FOUNDER_INTAKE/redacted/fd7dcbdfad4a15f38404960994cb4f6a4cd26ac1448014681bcd31b57c958f3f.txt	REDACTED_CANDIDATE
FLI-041	INTEGRATED	2485524633f041ee93fd19282f8d89e794ab129fbdcf43ff3af0b4ed815c75a5		REDACTED_NEEDS_HUMAN_REVIEW
FLI-042	DUPLICATE	ef053deac17048bec9022609022b5e71f5e77a5cf5ec5506ab51eb2d179daa5a		
FLI-043	INTEGRATED	29e931f5b6a8949ba13ed2a316360ac2d2ccbb7d7e5f8ac35c1e8d561ffd3816		REDACTED_NEEDS_HUMAN_REVIEW
FLI-044	DUPLICATE	29e931f5b6a8949ba13ed2a316360ac2d2ccbb7d7e5f8ac35c1e8d561ffd3816		
FLI-045	INTEGRATED	f2bc7e62d8e2d466038e37a09062444ab09030d298566e3a304f2cc63f798ba2		REDACTED_NEEDS_HUMAN_REVIEW
FLI-046	INTEGRATED	b6c4be9cb370ca290e1e4bf861a49d7c910a42f6b343bf2238b13c9b74f09241	15_HT_FOUNDER_INTAKE/redacted/b6c4be9cb370ca290e1e4bf861a49d7c910a42f6b343bf2238b13c9b74f09241.txt	REDACTED_CANDIDATE
FLI-047	INTEGRATED	97ad4f8108cdbc8c751334438285404a2b9adb93d5ba08b451e40d07f2870aa4	15_HT_FOUNDER_INTAKE/redacted/97ad4f8108cdbc8c751334438285404a2b9adb93d5ba08b451e40d07f2870aa4.txt	REDACTED_CANDIDATE
FLI-048	INTEGRATED	b27e338e2764e51aaa0df4032d7f52642bb72e62da699e262abfe913be15fe93	15_HT_FOUNDER_INTAKE/redacted/b27e338e2764e51aaa0df4032d7f52642bb72e62da699e262abfe913be15fe93.txt	REDACTED_CANDIDATE
FLI-049	INTEGRATED	b479a2657f4489b635fef1831e4826b0b8587f6a51bdb2be75c49399e096e4c3	15_HT_FOUNDER_INTAKE/redacted/b479a2657f4489b635fef1831e4826b0b8587f6a51bdb2be75c49399e096e4c3.txt	REDACTED_CANDIDATE
FLI-050	INTEGRATED	f5cc41942b8fbbcb347e536baa79b41962f46b5f5a1955a72c48582147bb2c4b	15_HT_FOUNDER_INTAKE/redacted/f5cc41942b8fbbcb347e536baa79b41962f46b5f5a1955a72c48582147bb2c4b.txt	REDACTED_CANDIDATE
FLI-051	INTEGRATED	ef0c5863c452160fd192ac360d6b34e425c5afaa2fcd63a427cc56daf0515642		REDACTED_NEEDS_HUMAN_REVIEW
FLI-052	INTEGRATED	5165ed5255a760714eff6a5cb38e4e1754484ecf24a651d5354e0c5a8f3f1111	15_HT_FOUNDER_INTAKE/redacted/5165ed5255a760714eff6a5cb38e4e1754484ecf24a651d5354e0c5a8f3f1111.txt	REDACTED_CANDIDATE
FLI-053	INTEGRATED	68308f35b47f7eaa11d905ab0e1da7a259f3607fff6225ebc2767bcfffcd74e3	15_HT_FOUNDER_INTAKE/redacted/68308f35b47f7eaa11d905ab0e1da7a259f3607fff6225ebc2767bcfffcd74e3.txt	REDACTED_CANDIDATE
FLI-054	INTEGRATED	7a73f097cee0333ae92e2ca2dcc21dfbdfb9885f84220aee79f532fe07da4e9b	15_HT_FOUNDER_INTAKE/redacted/7a73f097cee0333ae92e2ca2dcc21dfbdfb9885f84220aee79f532fe07da4e9b.txt	REDACTED_CANDIDATE
FLI-055	INTEGRATED	7e8c93308a2b912ef1276ab1a2b77d8e3103539e2fe6b144e1db73c012bf6a70	15_HT_FOUNDER_INTAKE/redacted/7e8c93308a2b912ef1276ab1a2b77d8e3103539e2fe6b144e1db73c012bf6a70.txt	REDACTED_CANDIDATE
FLI-056	INTEGRATED	47c1b427863036b8d0c7bc3b87f08d2d2eb25aaa72c5c5b21ccc32eeae91044a	15_HT_FOUNDER_INTAKE/redacted/47c1b427863036b8d0c7bc3b87f08d2d2eb25aaa72c5c5b21ccc32eeae91044a.txt	REDACTED_CANDIDATE
FLI-057	INTEGRATED	7bc576a3e1749307bc7efdef50b50887e574e2b06668aa2c6c7359a17aa551f7		NO_TEXT
FLI-058	INTEGRATED	20104d44022036627ae2dc1bfcb3c98811403c2fe5ea0ff1ef0ac58fc8430651	15_HT_FOUNDER_INTAKE/redacted/20104d44022036627ae2dc1bfcb3c98811403c2fe5ea0ff1ef0ac58fc8430651.txt	REDACTED_CANDIDATE
FLI-059	DUPLICATE	7bc576a3e1749307bc7efdef50b50887e574e2b06668aa2c6c7359a17aa551f7		
FLI-060	INTEGRATED	b8ef17eb37ce40cbfd1d82b3c579104b4bf6e8aa27086ba4e31e55fe19b822fd	15_HT_FOUNDER_INTAKE/redacted/b8ef17eb37ce40cbfd1d82b3c579104b4bf6e8aa27086ba4e31e55fe19b822fd.txt	REDACTED_CANDIDATE
FLI-061	INTEGRATED	30dd9c2f57301ca8e68f5aa8b4eec2db2f7bfcf179212fa00c197c150ebba5c3	15_HT_FOUNDER_INTAKE/redacted/30dd9c2f57301ca8e68f5aa8b4eec2db2f7bfcf179212fa00c197c150ebba5c3.txt	REDACTED_CANDIDATE
FLI-062	INTEGRATED	5e52f5d971b64a0762b3b4cc802c38998a61f1ea304386532ac792585979eae9		REDACTED_NEEDS_HUMAN_REVIEW
FLI-063	INTEGRATED	8c04aec85dbca964dc2e9aaa28c4e83d1f329188bc15c122122fe1349a9913b4	15_HT_FOUNDER_INTAKE/redacted/8c04aec85dbca964dc2e9aaa28c4e83d1f329188bc15c122122fe1349a9913b4.txt	REDACTED_CANDIDATE
FLI-064	INTEGRATED	0bf56916f553da9a3365443c9774cba3820019ab6ac1ddc488bd49cd3c18db0b	15_HT_FOUNDER_INTAKE/redacted/0bf56916f553da9a3365443c9774cba3820019ab6ac1ddc488bd49cd3c18db0b.txt	REDACTED_CANDIDATE
FLI-065	INTEGRATED	7ead2e830b08252b05249c00d1b4874a15a314d4b95a7d1d60e74aa90c607a96		REDACTED_NEEDS_HUMAN_REVIEW
FLI-066	INTEGRATED	e8627f263140b9ac03668e3e3b32f5166674365d16b1c3463135594e62c6f7aa	15_HT_FOUNDER_INTAKE/redacted/e8627f263140b9ac03668e3e3b32f5166674365d16b1c3463135594e62c6f7aa.txt	REDACTED_CANDIDATE
FLI-067	INTEGRATED	e1f82196269595c3f184509b4eefa3f60aaad6e66b3a4601b2e247051d46483b	15_HT_FOUNDER_INTAKE/redacted/e1f82196269595c3f184509b4eefa3f60aaad6e66b3a4601b2e247051d46483b.txt	REDACTED_CANDIDATE
FLI-068	DUPLICATE	e52eb60726ade084ebcfdba7f06a5aa92968418deb1ef52b51d696317b1b51c8		
FLI-069	INTEGRATED	c65117f29122b49c74b2b12a2e943d60e8605188cc9c2673d98ca28c80a61f2b		REDACTED_NEEDS_HUMAN_REVIEW
FLI-070	INTEGRATED	6711df0617641562dc8e5bc08d1e30add665776dc45463a7f8149710cf515cc2		REDACTED_NEEDS_HUMAN_REVIEW
FLI-071	INTEGRATED	c57c96bbe1dcdc33291119d4d6b755c4ac68d7131d353b27552b50600d9f7e92		REDACTED_NEEDS_HUMAN_REVIEW
FLI-072	INTEGRATED	1bd775543e14f80352e8a5e226d4122bce846e0d78c1e99cc101a53bc399d3b9		REDACTED_NEEDS_HUMAN_REVIEW
FLI-073	INTEGRATED	f86306004d24b58eac7b686f47ade591516c412b8fd28074b80bf9fca0ff3eb0		REDACTED_NEEDS_HUMAN_REVIEW
FLI-074	INTEGRATED	61d7c99dc865463f8e4104c525b3d1b1959ed3d9dca2029b5c7e8ea89dfebdb5	15_HT_FOUNDER_INTAKE/redacted/61d7c99dc865463f8e4104c525b3d1b1959ed3d9dca2029b5c7e8ea89dfebdb5.txt	REDACTED_CANDIDATE
FLI-075	INTEGRATED	136fd34fdc0f543daba0fa13b256786855c97daff3b502855417cc149f31d17b		REDACTED_NEEDS_HUMAN_REVIEW
FLI-076	INTEGRATED	b61e03e7521251bac6ff2edfce8f2b31aaa724b9674b6e88b6bfed41e90b7d76		REDACTED_NEEDS_HUMAN_REVIEW
FLI-077	INTEGRATED	7ff830b91701d09a66a6c17434d1af7499cfb4ce79d23d5921db74180d3f38a7		REDACTED_NEEDS_HUMAN_REVIEW
FLI-078	INTEGRATED	4deca4079cecf72aaf71674447870a0201501c723c31e0c4cad7ea569af89be7	15_HT_FOUNDER_INTAKE/redacted/4deca4079cecf72aaf71674447870a0201501c723c31e0c4cad7ea569af89be7.txt	REDACTED_CANDIDATE
FLI-079	INTEGRATED	20d0a07bed8adc0efadbd9b7be9b87cfd23ded9616d323ac808149d11e8c8849		REDACTED_NEEDS_HUMAN_REVIEW
FLI-080	INTEGRATED	00a5cc564e41955aa23d2ba9a0b6cf06bcc8fb1ff3b26ade8745d1dc84f1586c		REDACTED_NEEDS_HUMAN_REVIEW
FLI-081	INTEGRATED	bb31ac9665d8177213072c3e73693524d7e7e96f5a36ec995eaddf65f4a7c90e		REDACTED_NEEDS_HUMAN_REVIEW
FLI-082	INTEGRATED	1a1eac4cef9b3508f6d6ac75ac5d37d4937dda121dad27b2750ff0e8fe97b0d3	15_HT_FOUNDER_INTAKE/redacted/1a1eac4cef9b3508f6d6ac75ac5d37d4937dda121dad27b2750ff0e8fe97b0d3.txt	REDACTED_CANDIDATE
FLI-083	INTEGRATED	f2e4425bbfaa1ca7075daff068b40739f535d0a6ae331db09549d1da052b3931		REDACTED_NEEDS_HUMAN_REVIEW
FLI-084	INTEGRATED	c780ebf292e61da8307277ee5b4f7b17adcfb952c86c46da657dfdf7e9452e98		REDACTED_NEEDS_HUMAN_REVIEW
FLI-085	INTEGRATED	243040564a85218b4f1fbf65448f666fbaccb186b9c3e28371d0f10d47cf6616		REDACTED_NEEDS_HUMAN_REVIEW
FLI-086	INTEGRATED	4ef0ab7d404a94bb5eb193fbfbd35b69bb1e210fe5ed89f4b24c06cbda9dccfa		REDACTED_NEEDS_HUMAN_REVIEW
FLI-087	INTEGRATED	019e12c1c37ae916e84c65bfd5f5dea38b0bdc14d302b0b92fd1ab32b601c51e	15_HT_FOUNDER_INTAKE/redacted/019e12c1c37ae916e84c65bfd5f5dea38b0bdc14d302b0b92fd1ab32b601c51e.txt	REDACTED_CANDIDATE
FLI-088	INTEGRATED	383d1e568808db19bee713f1c1b1b3d76c2754d5c240be15563458e308ff8166		REDACTED_NEEDS_HUMAN_REVIEW
FLI-089	EXCLUDED_HOLD_FOR_HUDSON	b7e67626e45d7592089a918e1bc0bec747e89cebaca71b9555c0cd53436149db		
FLI-090	INTEGRATED	a1c68c11d7a8fc5810b3a089e6d409bfc7e5a6abdf634b80d3f03fdd851f2312	15_HT_FOUNDER_INTAKE/redacted/a1c68c11d7a8fc5810b3a089e6d409bfc7e5a6abdf634b80d3f03fdd851f2312.txt	REDACTED_CANDIDATE
FLI-091	INTEGRATED	9fb97dcfed5ef9b596cb2fa35448a5a79e107d04c7db0d52a0027d4169a7869c		REDACTED_NEEDS_HUMAN_REVIEW
FLI-092	DUPLICATE	30dd9c2f57301ca8e68f5aa8b4eec2db2f7bfcf179212fa00c197c150ebba5c3		
FLI-093	DUPLICATE	e52eb60726ade084ebcfdba7f06a5aa92968418deb1ef52b51d696317b1b51c8		
FLI-094	DUPLICATE	c65117f29122b49c74b2b12a2e943d60e8605188cc9c2673d98ca28c80a61f2b		
FLI-095	DUPLICATE	6711df0617641562dc8e5bc08d1e30add665776dc45463a7f8149710cf515cc2		
FLI-096	DUPLICATE	c57c96bbe1dcdc33291119d4d6b755c4ac68d7131d353b27552b50600d9f7e92		
FLI-097	DUPLICATE	1bd775543e14f80352e8a5e226d4122bce846e0d78c1e99cc101a53bc399d3b9		
FLI-098	DUPLICATE	f86306004d24b58eac7b686f47ade591516c412b8fd28074b80bf9fca0ff3eb0		
FLI-099	DUPLICATE	61d7c99dc865463f8e4104c525b3d1b1959ed3d9dca2029b5c7e8ea89dfebdb5		
FLI-100	DUPLICATE	136fd34fdc0f543daba0fa13b256786855c97daff3b502855417cc149f31d17b		
FLI-101	DUPLICATE	b61e03e7521251bac6ff2edfce8f2b31aaa724b9674b6e88b6bfed41e90b7d76		
FLI-102	DUPLICATE	7ff830b91701d09a66a6c17434d1af7499cfb4ce79d23d5921db74180d3f38a7		
FLI-103	DUPLICATE	4deca4079cecf72aaf71674447870a0201501c723c31e0c4cad7ea569af89be7		
FLI-104	DUPLICATE	20d0a07bed8adc0efadbd9b7be9b87cfd23ded9616d323ac808149d11e8c8849		
FLI-105	DUPLICATE	00a5cc564e41955aa23d2ba9a0b6cf06bcc8fb1ff3b26ade8745d1dc84f1586c		
FLI-106	DUPLICATE	bb31ac9665d8177213072c3e73693524d7e7e96f5a36ec995eaddf65f4a7c90e		
FLI-107	DUPLICATE	1a1eac4cef9b3508f6d6ac75ac5d37d4937dda121dad27b2750ff0e8fe97b0d3		
FLI-108	DUPLICATE	f2e4425bbfaa1ca7075daff068b40739f535d0a6ae331db09549d1da052b3931		
FLI-109	DUPLICATE	c780ebf292e61da8307277ee5b4f7b17adcfb952c86c46da657dfdf7e9452e98		
FLI-110	DUPLICATE	243040564a85218b4f1fbf65448f666fbaccb186b9c3e28371d0f10d47cf6616		
FLI-111	DUPLICATE	4ef0ab7d404a94bb5eb193fbfbd35b69bb1e210fe5ed89f4b24c06cbda9dccfa		
FLI-112	DUPLICATE	019e12c1c37ae916e84c65bfd5f5dea38b0bdc14d302b0b92fd1ab32b601c51e		
FLI-113	DUPLICATE	383d1e568808db19bee713f1c1b1b3d76c2754d5c240be15563458e308ff8166		
FLI-114	EXCLUDED_HOLD_FOR_HUDSON	b7e67626e45d7592089a918e1bc0bec747e89cebaca71b9555c0cd53436149db		
FLI-115	DUPLICATE	a1c68c11d7a8fc5810b3a089e6d409bfc7e5a6abdf634b80d3f03fdd851f2312		
FLI-116	DUPLICATE	9fb97dcfed5ef9b596cb2fa35448a5a79e107d04c7db0d52a0027d4169a7869c		
FLI-117	DUPLICATE	30dd9c2f57301ca8e68f5aa8b4eec2db2f7bfcf179212fa00c197c150ebba5c3		
